namespace,cluster,repo,visibility,archived,fork,pushed,disk_kb,language,stars,disposition
ai4hc,Medical/Health,enroll-tools,PUBLIC,false,true,2020-03-29T10:40:01Z,0,0,,stub?
ai4hc,Medical/Health,telemed-courses,PUBLIC,false,true,2020-03-29T10:33:44Z,24,0,,fork?
ai4hc,Medical/Health,icd10_2018,PUBLIC,false,true,2018-09-01T14:46:51Z,34643,0,,fork?
awsar,Legal/Justice,awsar,PUBLIC,false,false,2018-09-01T10:55:55Z,0,0,,stub?
ayeai,AyeAI,contracts,PRIVATE,false,false,2025-03-09T11:09:01Z,0,0,,stub?
ayeai,AyeAI,ayeai.ayeam.com,PUBLIC,false,true,2025-01-16T07:05:00Z,14267,Ruby,0,fork?
ayeai,AyeAI,join,PUBLIC,false,false,2024-08-24T01:21:24Z,1,0,,stub?
ayeai,AyeAI,ayeai,PRIVATE,false,false,2024-04-15T12:35:13Z,0,0,,stub?
ayeai,AyeAI,opssi,PUBLIC,false,false,2023-12-09T06:33:00Z,30,1,,active-lib?
ayeai,AyeAI,ChainOfSurvival.github.io,PUBLIC,false,true,2023-08-20T22:00:12Z,47,Ruby,0,fork?
ayeai,AyeAI,ni2a2,PUBLIC,false,false,2023-08-09T15:51:12Z,20,JavaScript,0,active-lib?
ayeai,AyeAI,ayesee,PRIVATE,false,false,2023-08-06T01:44:35Z,5195,0,,active-lib?
ayeai,AyeAI,upload,PUBLIC,false,false,2022-11-29T10:53:27Z,9981,0,,active-lib?
ayeai,AyeAI,chuha,PUBLIC,false,false,2022-11-25T13:54:24Z,8,0,,active-lib?
ayeai,AyeAI,athena,PUBLIC,false,true,2021-08-06T16:08:57Z,13973,Ruby,0,fork?
ayeai,AyeAI,ayeam,PUBLIC,false,true,2021-08-06T16:08:57Z,13973,Ruby,0,fork?
ayeai,AyeAI,ECRs,PRIVATE,false,false,2020-08-12T04:01:39Z,0,0,,stub?
ayeai,AyeAI,anusaaraka,PUBLIC,false,false,2020-02-18T01:23:36Z,72056,CLIPS,0,active-lib?
ayeai,AyeAI,ayevdi,PUBLIC,false,false,2020-02-09T09:08:24Z,290,Awk,1,active-lib?
ayeai,AyeAI,shellinabox,PUBLIC,false,true,2020-01-14T12:48:27Z,4656,C,0,fork?
ayeai,AyeAI,spl,PUBLIC,false,false,2019-12-14T08:45:20Z,13,0,,active-lib?
ayeai,AyeAI,SPL-ignore-and-delete,PUBLIC,false,false,2019-12-14T08:42:19Z,20,0,,active-lib?
ayeai,AyeAI,ayeq,PUBLIC,false,false,2019-12-11T19:19:42Z,4,0,,active-lib?
ayeai,AyeAI,FHIR,PUBLIC,false,true,2019-12-11T17:23:42Z,143253,Java,0,fork?
ayeai,AyeAI,qiskit-terra,PUBLIC,false,true,2019-12-11T17:15:29Z,39942,Python,0,fork?
ayeai,AyeAI,sway,PUBLIC,false,true,2019-12-11T16:53:17Z,28001,C,0,fork?
ayeai,AyeAI,kui,PUBLIC,false,true,2019-12-11T16:41:22Z,17197,TypeScript,0,fork?
ayeai,AyeAI,adversarial-robustness-toolbox,PUBLIC,false,true,2019-12-11T16:34:14Z,83258,Jupyter Notebook,0,fork?
ayeai,AyeAI,qiskit,PUBLIC,false,true,2019-12-11T14:34:21Z,29210,Python,0,fork?
ayeai,AyeAI,qiskit-aer,PUBLIC,false,true,2019-12-11T05:56:15Z,28658,Python,0,fork?
ayeai,AyeAI,kubernetes-cobol,PUBLIC,false,true,2019-12-10T22:34:02Z,13,Dockerfile,0,fork?
ayeai,AyeAI,x11docker,PUBLIC,false,true,2019-12-10T15:45:11Z,32719,Shell,0,fork?
ayeai,AyeAI,AIX360,PUBLIC,false,true,2019-12-10T07:14:09Z,317210,Python,0,fork?
ayeai,AyeAI,runc,PUBLIC,false,true,2019-12-06T22:33:33Z,8197,Go,0,fork?
ayeai,AyeAI,dockerfiles,PUBLIC,false,true,2019-12-06T01:29:19Z,73961,Dockerfile,0,fork?
ayeai,AyeAI,image-tools,PUBLIC,false,true,2019-12-03T04:07:21Z,2451,Go,0,fork?
ayeai,AyeAI,KodExplorer,PUBLIC,false,true,2019-11-29T02:10:49Z,52201,PHP,0,fork?
ayeai,AyeAI,shadow,PUBLIC,false,false,2019-11-27T13:29:15Z,0,0,,stub?
ayeai,AyeAI,util-linux,PUBLIC,false,true,2019-11-26T12:57:40Z,143630,C,0,fork?
ayeai,AyeAI,runtime-tools,PUBLIC,false,true,2019-10-21T03:39:14Z,8907,Go,0,fork?
ayeai,AyeAI,dockersh,PUBLIC,false,true,2019-08-27T20:34:28Z,141,Go,0,fork?
ayeai,AyeAI,Virtual-Studio,PUBLIC,false,true,2019-03-10T20:38:16Z,192312,C#,0,fork?
ayeai,AyeAI,go-digest,PUBLIC,false,true,2019-03-06T12:55:51Z,108,Go,0,fork?
ayeai,AyeAI,ayeai.github.io,PUBLIC,false,false,2019-01-14T10:01:36Z,3,HTML,0,active-lib?
ayeai,AyeAI,bash2python,PUBLIC,false,true,2017-07-24T10:08:36Z,6,Python,0,fork?
ayeai,AyeAI,xmp,PUBLIC,false,true,2016-09-09T17:07:32Z,12289,C++,0,fork?
ayeai,AyeAI,insilico,PUBLIC,false,true,2016-01-16T15:05:01Z,675,C++,0,fork?
ayeatros,AyeAI,twisha.github.io,PUBLIC,false,false,2020-04-29T14:07:52Z,4,0,,active-lib?
ayeatros,AyeAI,ayeatros.github.io,PUBLIC,false,false,2020-03-03T12:35:59Z,8,0,,active-lib?
ayeatros,AyeAI,twisha,PUBLIC,false,false,2020-02-29T16:45:01Z,4,0,,active-lib?
ayeatros,AyeAI,iatros,PUBLIC,false,false,2018-09-01T11:01:28Z,0,0,,stub?
ayerunner,AyeAI,nbrunner,PUBLIC,false,false,2021-09-26T15:33:42Z,2049,Jupyter Notebook,0,active-lib?
ayerunner,AyeAI,chintamani,PUBLIC,false,true,2021-09-26T07:30:54Z,2444,C,0,fork?
ayerunner,AyeAI,unani,PUBLIC,false,true,2018-09-01T18:41:37Z,34742,0,,fork?
ayevh,AyeAI,clinAI,PUBLIC,false,false,2024-10-24T18:17:20Z,50,0,,active-lib?
ayevh,AyeAI,ayevh,PUBLIC,false,false,2024-06-19T17:53:01Z,1535,0,,active-lib?
ayevh,AyeAI,openemr,PUBLIC,false,true,2020-12-18T08:44:31Z,466190,PHP,0,fork?
ayevh,AyeAI,healthcare,PUBLIC,false,true,2020-06-25T01:01:27Z,9,0,,fork?
ayevh,AyeAI,ayeatros-syllabus,PUBLIC,false,false,2020-03-03T12:14:24Z,27,0,,active-lib?
ayur-repo,Medical/Health,ayurv,PUBLIC,false,true,2018-09-01T15:28:29Z,34641,0,,fork?
biotech-repo,Medical/Health,icd10_2018,PUBLIC,false,true,2018-09-01T15:42:26Z,34640,0,,fork?
blendedreality,IoT/XR,icd10_2018,PUBLIC,false,true,2018-09-01T15:56:13Z,34630,0,,fork?
charak-repo,Medical/Health,charak-repo.github.io,PUBLIC,false,false,2018-09-01T12:19:21Z,2,HTML,0,active-lib?
charak-repo,Medical/Health,icd10_2018,PUBLIC,false,false,2018-09-01T12:11:43Z,24895,0,,active-lib?
convdiag,Medical/Health,drivers,PUBLIC,false,false,2020-05-27T21:19:17Z,0,0,,stub?
convdiag,Medical/Health,icd10_2018,PUBLIC,false,true,2018-09-01T15:00:35Z,34647,0,,fork?
DrAdvaita,Medical/Health,icd10_2018,PUBLIC,false,true,2018-09-01T15:14:25Z,34641,0,,fork?
fursa-repo,Legal/Justice,fursa,PUBLIC,false,false,2018-09-01T10:59:10Z,0,0,,stub?
genetics-repo,Medical/Health,icd10_2018,PUBLIC,false,true,2018-09-01T16:37:26Z,34631,0,,fork?
health4all,Medical/Health,health4all.github.io,PUBLIC,false,false,2019-09-09T21:23:51Z,5,0,,active-lib?
health4all,Medical/Health,icd10_2018,PUBLIC,false,true,2019-07-29T15:24:22Z,33755,0,,fork?
hindawiai,ILM-core/lineage,chintamani,PUBLIC,false,false,2026-06-13T15:05:36Z,11533,Jupyter Notebook,0,active-lib?
hindawiai,ILM-core/lineage,2023.12.21,PUBLIC,false,false,2024-12-10T23:18:50Z,2329,Jupyter Notebook,0,active-lib?
hindawiai,ILM-core/lineage,hindawiai.github.io,PUBLIC,false,true,2024-08-20T16:44:00Z,6990,JavaScript,0,fork?
hindawiai,ILM-core/lineage,practice,PUBLIC,false,false,2022-05-25T13:15:20Z,0,0,,stub?
hindawiai,ILM-core/lineage,autogit,PUBLIC,false,false,2021-09-30T15:38:10Z,27,C,0,active-lib?
hindawiai,ILM-core/lineage,v86,PUBLIC,false,true,2021-09-24T08:49:06Z,13868,Rust,1,fork?
hindawiai,ILM-core/lineage,js-dos,PUBLIC,false,true,2021-09-23T01:28:25Z,191646,TypeScript,0,fork?
hindawiai,ILM-core/lineage,qbjc,PUBLIC,false,true,2021-08-31T01:19:13Z,21383,TypeScript,0,fork?
hindawiai,ILM-core/lineage,js-py,PUBLIC,false,true,2021-08-23T09:43:24Z,7732,JavaScript,0,fork?
hindawiai,ILM-core/lineage,pyaara,PUBLIC,false,true,2021-08-05T10:41:37Z,122,Racket,0,fork?
hindawiai,ILM-core/lineage,racketscript,PUBLIC,false,true,2021-08-04T20:31:41Z,1326,Racket,0,fork?
hindawiai,ILM-core/lineage,hi,PUBLIC,false,false,2021-07-24T04:52:04Z,6698,Ruby,0,active-lib?
hindawiai,ILM-core/lineage,hindawi2021,PUBLIC,false,false,2021-06-25T23:37:08Z,949,Assembly,0,active-lib?
hindawiai,ILM-core/lineage,hinlin,PUBLIC,false,true,2021-06-25T18:00:13Z,3481432,C,0,fork?
hindawiai,ILM-core/lineage,hindawios,PRIVATE,false,false,2021-06-24T01:26:06Z,22,Jupyter Notebook,0,active-lib?
hindawiai,ILM-core/lineage,hindawi2020,PUBLIC,false,true,2021-06-20T12:32:08Z,992,C,5,fork?
hindawiai,ILM-core/lineage,beautiful-racket,PUBLIC,false,true,2021-05-19T01:41:02Z,1864,Racket,0,fork?
hindawiai,ILM-core/lineage,hindawi-tx,PUBLIC,false,false,2020-12-02T11:00:41Z,15,0,,active-lib?
hindawiai,ILM-core/lineage,em-dosbox,PUBLIC,false,true,2020-11-28T22:05:35Z,6181,C++,0,fork?
hindawiai,ILM-core/lineage,JPC,PUBLIC,false,true,2020-01-15T14:01:37Z,28984,Java,0,fork?
hindawiai,ILM-core/lineage,qb.js,PUBLIC,false,true,2019-09-09T11:33:23Z,155,JavaScript,0,fork?
hindawiai,ILM-core/lineage,hindawi-legacy,PUBLIC,false,false,2019-01-27T07:16:05Z,100920,0,,active-lib?
hindawiai,ILM-core/lineage,old-hindawiai.github.io,PUBLIC,false,false,2019-01-27T05:50:41Z,1,HTML,0,stub?
Hindawipython,Hindawi-variants,cpython,PUBLIC,false,true,2018-10-02T04:54:59Z,251029,Python,0,fork?
Hindawipython,Hindawi-variants,hindawi2016,PUBLIC,false,true,2016-09-18T04:54:16Z,771,C,1,fork?
HIT-Tools,Medical/Health,HIT-Tools.github.io,PUBLIC,false,false,2025-09-02T06:27:21Z,891,Jupyter Notebook,0,active-lib?
HIT-Tools,Medical/Health,genAI,PUBLIC,false,false,2024-06-27T10:17:17Z,16,0,,active-lib?
HIT-Tools,Medical/Health,raxacore,PUBLIC,false,true,2024-06-08T19:48:04Z,8390,Java,0,fork?
HIT-Tools,Medical/Health,openepi-simplified,PUBLIC,false,false,2022-10-20T19:30:06Z,73494,JavaScript,0,active-lib?
HIT-Tools,Medical/Health,ams,PUBLIC,false,false,2021-04-01T14:48:16Z,9,0,,active-lib?
HIT-Tools,Medical/Health,openepi,PUBLIC,false,true,2020-07-31T04:58:21Z,73880,JavaScript,0,fork?
HIT-Tools,Medical/Health,icd10_2018,PUBLIC,false,true,2018-09-01T16:23:35Z,34630,0,,fork?
homeo-repo,Medical/Health,icd10_2018,PUBLIC,false,true,2018-09-01T16:51:11Z,34645,0,,fork?
iot-repo,IoT/XR,icd10_2018,PUBLIC,false,true,2018-09-01T16:09:45Z,34647,0,,fork?
medjournalclub,Medical/Health,medjournal-club,PUBLIC,false,true,2018-09-01T18:27:17Z,34734,0,,fork?
nanotech-repo,Medical/Health,icd10_2018,PUBLIC,false,true,2018-09-01T17:04:52Z,34732,0,,fork?
nursing-repo,Medical/Health,icd10_2018,PUBLIC,false,true,2018-09-01T17:32:05Z,34737,0,,fork?
obonac,Other,obonac.github.io,PUBLIC,false,false,2026-06-14T14:19:57Z,174,0,,active-lib?
obonac,Other,NeuroMusical.github.io,PUBLIC,false,true,2025-10-02T06:06:37Z,14226,Ruby,0,fork?
obonac,Other,urdu,PUBLIC,false,true,2025-09-27T00:16:23Z,11321,Jupyter Notebook,0,fork?
obonac,Other,legacy-ilm,PUBLIC,false,true,2025-04-29T13:57:34Z,2343,Jupyter Notebook,0,fork?
obonac,Other,temp_robot_path_uk_dk_20250111,PRIVATE,false,false,2025-01-11T09:51:44Z,1348,Python,0,active-lib?
obonac,Other,services-1,PUBLIC,false,true,2024-10-09T18:56:45Z,100,HTML,0,fork?
obonac,Other,services,PUBLIC,false,false,2024-10-08T16:48:51Z,0,0,,stub?
obonac,Other,obonac,PUBLIC,false,false,2024-09-04T12:49:32Z,31,Jupyter Notebook,0,active-lib?
obonac,Other,ishsi25,PUBLIC,false,true,2024-07-09T16:31:46Z,6,0,,fork?
obonac,Other,webLinks,PUBLIC,false,false,2024-06-28T17:44:03Z,15,HTML,0,active-lib?
obonac,Other,BrainModel,PUBLIC,false,true,2024-06-10T00:58:09Z,10217,JavaScript,0,fork?
obonac,Other,practice,PUBLIC,false,false,2022-11-06T12:18:30Z,2742,0,,active-lib?
obonac,Other,Twitter-API-v2-sample-code,PUBLIC,false,true,2022-02-06T20:52:42Z,201,JavaScript,0,fork?
obonac,Other,autogit,PUBLIC,false,true,2021-09-30T14:11:14Z,26,C,0,fork?
obonac,Other,test-push,PUBLIC,false,true,2021-06-21T01:45:19Z,20,0,,fork?
obonac,Other,tui.editor,PUBLIC,false,true,2021-06-18T05:14:15Z,62900,TypeScript,0,fork?
obonac,Other,vbox,PUBLIC,false,false,2020-11-21T04:36:29Z,0,0,,stub?
obonac,Other,avatarify,PUBLIC,false,true,2020-07-10T11:27:57Z,5719,Python,0,out-of-scope
obonac,Other,minimal-mistakes,PUBLIC,false,true,2020-06-22T06:11:30Z,43862,CSS,0,fork?
obonac,Other,BLAS-Tester,PUBLIC,false,true,2020-04-27T06:36:48Z,287,Fortran,0,fork?
obonac,Other,Covid-FLutter,PUBLIC,false,true,2020-03-17T21:03:00Z,74,Dart,0,fork?
obonac,Other,gpconnect,PUBLIC,false,true,2020-03-05T10:55:51Z,69578,CSS,0,fork?
obonac,Other,dummyrepo,PUBLIC,false,false,2020-01-28T14:56:51Z,1,0,,stub?
obonac,Other,ayevdi,PUBLIC,false,true,2020-01-11T07:35:16Z,423,Shell,0,fork?
obonac,Other,docker-ubuntu-vnc-desktop,PUBLIC,false,true,2019-12-19T20:22:58Z,12408,JavaScript,0,fork?
obonac,Other,runtime-tools,PUBLIC,false,true,2019-10-21T03:39:14Z,8907,Go,0,fork?
obonac,Other,digihealthindia.github.io,PUBLIC,false,true,2019-08-15T05:18:13Z,0,0,,stub?
obonac,Other,privacy-policy-generator,PUBLIC,false,true,2019-02-26T20:32:31Z,2,Hack,0,fork?
obonac,Other,apothecurry.github.io,PUBLIC,false,true,2019-01-15T17:16:44Z,1,HTML,0,stub?
obonac,Other,fft,PUBLIC,false,true,2018-02-25T02:03:38Z,21,C,0,fork?
obonac,Other,sillyscope,PUBLIC,false,false,2013-06-06T05:27:35Z,144,JavaScript,0,dormant?
paramed-repo,Medical/Health,icd10_2018,PUBLIC,false,true,2018-09-01T17:18:29Z,34737,0,,fork?
pharma-repo,Medical/Health,icd10_2018,PUBLIC,false,true,2018-09-01T17:45:34Z,34735,0,,fork?
physiotherapy-repo,Medical/Health,icd10_2018,PUBLIC,false,true,2019-08-12T06:39:35Z,34741,0,,fork?
project-ilm,ILM-core/lineage,foundry,PUBLIC,false,false,2026-06-27T18:49:24Z,0,Shell,0,stub?
project-ilm,ILM-core/lineage,ops,PUBLIC,false,false,2026-06-27T18:27:24Z,54,Shell,0,core
project-ilm,ILM-core/lineage,ilm.codes,PUBLIC,false,false,2026-06-27T03:23:30Z,13832,HTML,0,core
project-ilm,ILM-core/lineage,cognitive-fabric,PUBLIC,false,false,2026-06-26T19:23:52Z,6,0,,out-of-scope
project-ilm,ILM-core/lineage,spi-scan,PUBLIC,false,false,2026-06-16T14:47:47Z,11,Python,0,active-lib?
project-ilm,ILM-core/lineage,romenagri,PUBLIC,false,false,2026-06-16T14:47:36Z,1614,C,0,core
project-ilm,ILM-core/lineage,misty-doi,PUBLIC,false,false,2026-06-16T14:15:12Z,52,Python,0,core
project-ilm,ILM-core/lineage,language-specs,PUBLIC,false,false,2026-06-15T14:49:05Z,116,Python,0,core
project-ilm,ILM-core/lineage,record,PRIVATE,false,false,2026-06-15T14:23:38Z,4,HTML,0,active-lib?
project-ilm,ILM-core/lineage,vscode-ilm,PUBLIC,false,false,2026-06-15T05:29:50Z,11,0,,core
project-ilm,ILM-core/lineage,linguistics-labs,PUBLIC,false,false,2026-06-15T04:13:40Z,1,Dockerfile,0,stub?
project-ilm,ILM-core/lineage,ilm-lsp,PUBLIC,false,false,2026-06-15T04:13:20Z,0,JavaScript,0,stub?
project-ilm,ILM-core/lineage,legacy,PUBLIC,false,true,2026-06-11T10:10:08Z,2345,Jupyter Notebook,0,fork?
project-ilm,ILM-core/lineage,ai-scratch,PUBLIC,false,false,2025-12-17T05:03:10Z,10,0,,active-lib?
project-ilm,ILM-core/lineage,ilm-site,PUBLIC,false,false,2025-09-23T03:34:56Z,4,CSS,0,active-lib?
project-ilm,ILM-core/lineage,ilm-interface,PUBLIC,false,false,2025-04-22T05:32:15Z,1,0,,stub?
project-ilm,ILM-core/lineage,ilm-orthography,PUBLIC,false,false,2025-04-22T05:31:48Z,1,0,,stub?
project-ilm,ILM-core/lineage,ilm-phonology,PUBLIC,false,false,2025-04-22T05:31:22Z,1,0,,stub?
project-ilm,ILM-core/lineage,ilm-transliteration,PUBLIC,false,false,2025-04-22T04:38:48Z,1,0,,stub?
project-ilm,ILM-core/lineage,ilm-syntax-semantics,PUBLIC,false,false,2025-04-22T04:38:30Z,1,0,,stub?
project-ilm,ILM-core/lineage,ilm-devtools,PUBLIC,false,false,2025-04-22T04:38:14Z,1,0,,stub?
project-ilm,ILM-core/lineage,ilm-lexicon,PUBLIC,false,false,2025-04-22T04:37:56Z,1,0,,stub?
project-ilm,ILM-core/lineage,ilm-meta,PUBLIC,false,false,2025-04-22T04:37:38Z,1,0,,stub?
project-ilm,ILM-core/lineage,ilm-validation,PUBLIC,false,false,2025-04-22T04:37:21Z,1,0,,stub?
project-ilm,ILM-core/lineage,ilm-data,PUBLIC,false,false,2025-04-22T04:37:04Z,1,0,,stub?
project-ilm,ILM-core/lineage,.github,PUBLIC,false,false,2025-04-22T03:57:05Z,0,0,,stub?
project-ilm,ILM-core/lineage,praat,PUBLIC,false,true,2025-04-18T21:18:38Z,255803,C,0,fork?
python-hindawi,Hindawi-variants,cpython,PUBLIC,false,true,2018-10-02T02:42:22Z,251029,Python,0,fork?
python-hindawi,Hindawi-variants,hindawi2016,PUBLIC,false,true,2016-09-18T04:54:16Z,771,C,0,fork?
telugu-hindawi,Hindawi-variants,hindawi2016,PUBLIC,false,true,2016-09-18T04:54:16Z,771,C,0,fork?
translational,Medical/Health,translational,PUBLIC,false,true,2018-09-01T18:13:14Z,34732,0,,fork?
udhc-journals,Medical/Health,udhc-journals.github.io,PUBLIC,false,true,2022-12-28T20:05:04Z,8544,Jupyter Notebook,0,fork?
udhc-journals,Medical/Health,udhc-journals.github.io_tbd,PUBLIC,false,false,2022-11-05T09:08:19Z,1,0,,stub?
udhc-journals,Medical/Health,icd10_2018,PUBLIC,false,true,2018-08-29T04:41:44Z,24895,0,,fork?
